Group,task_type,datatype
Animation,Change in orientation,Array(Int) →Frame ids
MR,Change in orientation,Array(Float) → 1d Coords
SM,Change in orientation,Array(Int) → Panel Id
SL,Change in orientation,Array(Int)
Animation,Identify trends,Aray(Array(Int)) → Array of intervals Frame ids
MR,Identify trends,Aray(Array(Float)) → Array of interval as coords
SM,Identify trends,Array(Int) → exactly 2 Panel  ids
SL,Identify trends,Array(Int) → exactly 2 Panel  ids
Animation,Quantify feature values,Array(Float) → n Verhältnisse
MR,Quantify feature values,Array(Float) → n Verhältnisse
SM,Quantify feature values,Array(Float) → n Verhältnisse
SL,Quantify feature values,Array(Float) → n Verhältnisse
Animation,Identify feature values,Array(Int) →exactly 2 Frame ids
MR,Identify feature values,Array(Float) → exactly 2 1d Coords
SM,Identify feature values,Array(Int) → exactly 2 Panel  ids
SL,Identify feature values,Array(Int) → exactly 2 Panel  ids
